operator,street,postcode,city,lat,lon,current,kw,plug,prices_eur_per_kwh,points_per_price,ratio,energy_rate_ids,site_id,evse_ids_cheapest_first
MobilityPlus,Leuvensesteenweg 186,3290,Diest,50.967598,5.032276,AC,7.4,iec62196T2,0.3327 / 0.9184,2 / 1,2.76,GRP-140905 GRP-141034,MobilityPlus-BEMOBL37170,BE*MBP*E1325*2=0.3327(available) BE*MBP*E1325*1=0.3327(available) BE*MBP*E1601*3=0.9184(available)
D’Ieteren Energy,Avenue des Déportés 32,5070,Fosses-La-Ville,50.393275,4.683435,AC,7.4,iec62196T2,0.4318 / 1.1495,4 / 10,2.66,386218273 542734609,D’Ieteren Energy-88924904,NLLMSE1234680433*2=0.4318(unknown) NLLMSE1234680436*2=0.4318(unknown) NLLMSE1234680436*1=0.4318(unknown) NLLMSE1234680433*1=0.4318(unknown) NLLMSE1234681098*1=1.1495(available) NLLMSE1234681098*2=1.1495(available) NLLMSE1234816675*2=1.1495(available) NLLMSE1234816679*1=1.1495(available) NLLMSE1234816675*1=1.1495(available) NLLMSE1234681117*2=1.1495(available) NLLMSE1234816678*2=1.1495(available) NLLMSE1234681117*1=1.1495(available) NLLMSE1234816679*2=1.1495(available) NLLMSE1234816678*1=1.1495(available)
MobilityPlus,Industriepark De Bruwaan 93,9700,Oudenaarde,50.868571,3.603635,AC,7.4,iec62196T2,0.3327 / 0.7986,2 / 1,2.40,BEMBPT10839 GRP-253,MobilityPlus-BEMOBL103155,BE*MBP*E3851*2=0.3327(available) BE*MBP*E3851*1=0.3327(available) BE*MBP*E3850*2=0.7986(available)
MobilityPlus,Herkenrodesingel 8/a,3500,Hasselt,50.94154,5.32067,AC,7.4,iec62196T2,0.3993 / 0.4658 / 0.9184,14 / 2 / 1,2.30,GRP-101 GRP-140914 GRP-141034,MobilityPlus-BEMOBL25337,BE*MBP*E2434*2=0.3993(available) BE*MBP*E2430*2=0.3993(available) BE*MBP*E14047*2=0.3993(available) BE*MBP*E2431*1=0.3993(available) BE*MBP*E2454*1=0.3993(available) BE*MBP*E2434*1=0.3993(available) BE*MBP*E14047*1=0.3993(available) BE*MBP*E2454*2=0.3993(available) BE*MBP*E2430*1=0.3993(available) BE*MBP*E2431*2=0.3993(available) BE*MBP*E5558*2=0.3993(available) BE*MBP*E14048*2=0.3993(available) BE*MBP*E14048*1=0.3993(available) BE*MBP*E5558*1=0.3993(available) BE*MBP*E898*2=0.4658(available) BE*MBP*E898*1=0.4658(available) BE*MBP*E1882*3=0.9184(available)
Eneco,Haachtsesteenweg 83,1820,Steenokkerzeel,50.91987,4.50509,AC,22.0,iec62196T2,0.3993 / 0.9075,1 / 2,2.27,WS075 XS02,Eneco-EC5054CC-ED63-4EE2-BA6A-3E815B417C73,BE*ENE*EENECO*G35276*1=0.3993(available) BE*ENE*EENECO*G37371*1=0.9075(available) BE*ENE*EENECO*G37371*2=0.9075(outOfOrder)
MobilityPlus,Andre Dumontlaan 146,3600,Genk,50.992577,5.535866,AC,7.4,iec62196T2,0.4658 / 0.9982,2 / 1,2.14,GRP-140914 GRP-82361,MobilityPlus-BEMOBL25463,BE*MBP*E865*2=0.4658(available) BE*MBP*E865*1=0.4658(available) BE*MBP*E864*2=0.9982(available)
MobilityPlus,Blanklaerstraat 5,3290,Diest,51.007463,5.112249,AC,7.4,iec62196T2,0.4658 / 0.9982,14 / 1,2.14,GRP-140914 GRP-82361,MobilityPlus-BEMOBL25464,BE*MBP*E15923*1=0.4658(available) BE*MBP*E15922*2=0.4658(available) BE*MBP*E15921*1=0.4658(available) BE*MBP*E15919*2=0.4658(available) BE*MBP*E15920*1=0.4658(available) BE*MBP*E15918*2=0.4658(available) BE*MBP*E15919*1=0.4658(available) BE*MBP*E15923*2=0.4658(available) BE*MBP*E15921*2=0.4658(available) BE*MBP*E882*1=0.4658(available) BE*MBP*E15920*2=0.4658(available) BE*MBP*E15918*1=0.4658(available) BE*MBP*E15922*1=0.4658(available) BE*MBP*E882*2=0.4658(available) BE*MBP*E884*2=0.9982(available)
MobilityPlus,Spookvliegerlaan 1111,3800,Sint-Truiden,50.800945,5.205626,AC,7.4,iec62196T2,0.4658 / 0.9982,2 / 1,2.14,GRP-140914 GRP-82361,MobilityPlus-BEMOBL25457,BE*MBP*E873*1=0.4658(available) BE*MBP*E873*2=0.4658(charging) BE*MBP*E872*2=0.9982(available)
MobilityPlus,Gerard Mercatorstraat 1,3920,Lommel,51.214861,5.261258,AC,7.4,iec62196T2,0.4658 / 0.9982,2 / 1,2.14,GRP-140914 GRP-82361,MobilityPlus-BEMOBL25467,BE*MBP*E895*2=0.4658(available) BE*MBP*E895*1=0.4658(available) BE*MBP*E889*2=0.9982(available)
Pluginvest,Mechelsesteenweg 150,2018,Antwerpen,51.205642,4.409841,AC,7.4,iec62196T2,0.3678 / 0.7744,4 / 1,2.11,484856464 544436920,Pluginvest-90304822,NLLMSE1234645831*1=0.3678(charging) NLLMSE1234644601*1=0.3678(available) NLLMSE1234663141*1=0.3678(available) NLLMSE1234644602*1=0.3678(unknown) NLLMSE1234714303*1=0.7744(charging)
50five,Karel Oomsstraat 14,2018,Antwerpen,51.197176,4.409721,AC,3.7,iec62196T2,0.3509 / 0.7260,18 / 2,2.07,215019515 566126356,50five-89593228,NLLMSE1234885979*2=0.3509(available) NLLMSE1234886039*2=0.3509(available) NLLMSE1234885980*1=0.3509(available) NLLMSE1234886039*1=0.3509(charging) NLLMSE1234885979*1=0.3509(available) NLLMSE1234885978*2=0.3509(available) NLLMSE1234886035*1=0.3509(charging) NLLMSE1234886041*2=0.3509(available) NLLMSE1234885981*2=0.3509(available) NLLMSE1234886041*1=0.3509(available) NLLMSE1234886042*1=0.3509(available) NLLMSE1234886035*2=0.3509(available) NLLMSE1234886040*2=0.3509(charging) NLLMSE1234885980*2=0.3509(available) NLLMSE1234886042*2=0.3509(available) NLLMSE1234885978*1=0.3509(available) NLLMSE1234885981*1=0.3509(available) NLLMSE1234886040*1=0.3509(available) NLLMSE1234692655*2=0.7260(available) NLLMSE1234692655*1=0.7260(available)
Blink Charging,25 Desguinlei,2000,Antwerpen,51.194032,4.403728,AC,7.3,iec62196T2,0.3146 / 0.6498,2 / 2,2.07,18ab600c-c44e-46eb-95e6-b8d75e785ab7 cae00c73-0d75-48e3-9a04-d1aead870140,Blink Charging-392a86b3-1c58-4ef2-aa59-839a26bff954,BEBLKEbrYR010001=0.3146(available) BEBLKEbrYR010002=0.3146(available) BEBLKEnooU010001=0.6498(available) BEBLKEnooU010002=0.6498(available)
Pluginvest,Z.1. Researchpark 150,1731,Zellik,50.881313,4.295556,AC,7.4,iec62196T2,0.3630 / 0.7381,10 / 1,2.03,484858959 484864282,Pluginvest-89484860,NLLMSE1000085389*1=0.3630(available) NLLMSE1234645235*2=0.3630(available) NLLMSE1000085391*1=0.3630(available) NLLMSE1234645233*1=0.3630(available) NLLMSE1234645234*2=0.3630(available) NLLMSE1234615513*1=0.3630(available) NLLMSE1234615515*1=0.3630(available) NLLMSE1234645235*1=0.3630(available) NLLMSE1000085390*1=0.3630(unknown) NLLMSE1234645234*1=0.3630(available) NLLMSE1234603970*1=0.7381(unknown)
MobilityPlus,Poortakkerstraat 91,9051,Gent,51.03096,3.687722,AC,7.4,iec62196T2,0.3327 / 0.5989 / 0.6655,1 / 16 / 5,2.00,BEMBPT1592507 GRP-253 GRP-27267,MobilityPlus-BEMOBL120670,BE*MBP*E5741*1=0.3327(outOfOrder) BE*MBP*E16104*1=0.5989(available) BE*MBP*E4396*1=0.5989(available) BE*MBP*E4396*2=0.5989(available) BE*MBP*E4398*2=0.5989(available) BE*MBP*E16104*2=0.5989(available) BE*MBP*E16106*2=0.5989(available) BE*MBP*E4383*1=0.5989(available) BE*MBP*E4395*1=0.5989(available) BE*MBP*E4397*1=0.5989(available) BE*MBP*E4386*2=0.5989(available) BE*MBP*E4398*1=0.5989(available) BE*MBP*E16106*1=0.5989(available) BE*MBP*E4386*1=0.5989(available) BE*MBP*E4383*2=0.5989(available) BE*MBP*E4397*2=0.5989(available) BE*MBP*E4395*2=0.5989(available) BE*MBP*E14162*1=0.6655(available) BE*MBP*E14167*1=0.6655(available) BE*MBP*E12399*1=0.6655(available) BE*MBP*E14167*2=0.6655(available) BE*MBP*E12399*2=0.6655(available)
MobilityPlus,Chemin Des Moissons 10,4400,Flémalle,50.622567,5.431602,AC,7.4,iec62196T2,0.3327 / 0.5989 / 0.6655,2 / 4 / 28,2.00,BEMBPT4419 BEMBPT527042 GRP-253,MobilityPlus-798460,BE*MBP*E17040*1=0.3327(available) BE*MBP*E17040*2=0.3327(available) BE*MBP*E15497*2=0.5989(available) BE*MBP*E15498*1=0.5989(available) BE*MBP*E15498*2=0.5989(available) BE*MBP*E15497*1=0.5989(available) BE*MBP*E16700*1=0.6655(available) BE*MBP*E16703*1=0.6655(outOfOrder) BE*MBP*E16695*1=0.6655(available) BE*MBP*E16690*1=0.6655(outOfOrder) BE*MBP*E16702*2=0.6655(available) BE*MBP*E16699*1=0.6655(available) BE*MBP*E16697*2=0.6655(available) BE*MBP*E16698*1=0.6655(outOfOrder) BE*MBP*E16703*2=0.6655(outOfOrder) BE*MBP*E16692*1=0.6655(available) BE*MBP*E16691*1=0.6655(available) BE*MBP*E16695*2=0.6655(available) BE*MBP*E16696*2=0.6655(available) BE*MBP*E16689*1=0.6655(outOfOrder) BE*MBP*E16701*1=0.6655(available) BE*MBP*E16689*2=0.6655(outOfOrder) BE*MBP*E16691*2=0.6655(available) BE*MBP*E16692*2=0.6655(available) BE*MBP*E16701*2=0.6655(available) BE*MBP*E16698*2=0.6655(outOfOrder) BE*MBP*E16693*2=0.6655(available) BE*MBP*E16690*2=0.6655(outOfOrder) BE*MBP*E16697*1=0.6655(available) BE*MBP*E16699*2=0.6655(available) BE*MBP*E16696*1=0.6655(available) BE*MBP*E16693*1=0.6655(available) BE*MBP*E16700*2=0.6655(available) BE*MBP*E16702*1=0.6655(available)
D’Ieteren Energy,Rue Léon François 6-8,5170,Bois-de-Villers,50.396803,4.82744,AC,7.4,iec62196T2,0.4840 / 0.9680,2 / 2,2.00,386217067 542736483,D’Ieteren Energy-64188852,NLLMSE1000026846*1=0.4840(available) NLLMSE1000026846*2=0.4840(available) NLLMSE1000007013*2=0.9680(available) NLLMSE1000007013*1=0.9680(available)
Luminus,Landegemstraat 10,9031,Drongen,51.045214,3.592208,AC,3.7,iec62196T2,0.3678 / 0.7260,1 / 36,1.97,214550068 549152714,Luminus-89911990,BEEDFE1234602190*1=0.3678(unknown) BEEDFE1000151888*2=0.7260(available) BEEDFE1000152158*1=0.7260(available) BEEDFE1000152172*1=0.7260(available) BEEDFE1000152171*1=0.7260(available) BEEDFE1000151867*2=0.7260(available) BEEDFE1000152177*2=0.7260(available) BEEDFE1000151859*1=0.7260(outOfOrder) BEEDFE1000151887*2=0.7260(available) BEEDFE1000152177*1=0.7260(available) BEEDFE1000152159*1=0.7260(available) BEEDFE1000152174*2=0.7260(available) BEEDFE1000152171*2=0.7260(available) BEEDFE1000152173*2=0.7260(available) BEEDFE1000152159*2=0.7260(available) BEEDFE1000151893*2=0.7260(available) BEEDFE1000151861*2=0.7260(available) BEEDFE1000152175*2=0.7260(available) BEEDFE1000151886*2=0.7260(available) BEEDFE1000151893*1=0.7260(available) BEEDFE1000152172*2=0.7260(available) BEEDFE1000151887*1=0.7260(available) BEEDFE1000151867*1=0.7260(available) BEEDFE1000151886*1=0.7260(available) BEEDFE1000152162*2=0.7260(available) BEEDFE1000152170*2=0.7260(available) BEEDFE1000152173*1=0.7260(available) BEEDFE1000152176*1=0.7260(available) BEEDFE1000151861*1=0.7260(available) BEEDFE1000151859*2=0.7260(available) BEEDFE1000152176*2=0.7260(available) BEEDFE1000152158*2=0.7260(available) BEEDFE1000152175*1=0.7260(available) BEEDFE1000152170*1=0.7260(available) BEEDFE1000151888*1=0.7260(available) BEEDFE1000152174*1=0.7260(outOfOrder) BEEDFE1000152162*1=0.7260(available)
MobilityPlus,De Kleetlaan 3,1831,Machelen,50.887988,4.450601,AC,7.4,iec62196T2,0.3327 / 0.6522,2 / 29,1.96,GRP-253 GRP-5033,MobilityPlus-733506,BE*MBP*E16542*2=0.3327(available) BE*MBP*E16542*1=0.3327(available) BE*MBP*E14511*1=0.6522(available) BE*MBP*E14508*2=0.6522(available) BE*MBP*E14519*2=0.6522(available) BE*MBP*E14787*2=0.6522(available) BE*MBP*E14666*1=0.6522(outOfOrder) BE*MBP*E14516*2=0.6522(available) BE*MBP*E14665*1=0.6522(available) BE*MBP*E14663*1=0.6522(available) BE*MBP*E14513*2=0.6522(available) BE*MBP*E14505*1=0.6522(outOfOrder) BE*MBP*E14786*1=0.6522(available) BE*MBP*E14788*1=0.6522(available) BE*MBP*E14787*1=0.6522(available) BE*MBP*E14786*2=0.6522(available) BE*MBP*E14504*1=0.6522(available) BE*MBP*E14519*1=0.6522(available) BE*MBP*E14515*1=0.6522(available) BE*MBP*E14788*2=0.6522(available) BE*MBP*E14663*2=0.6522(available) BE*MBP*E14668*1=0.6522(available) BE*MBP*E14668*2=0.6522(available) BE*MBP*E14666*2=0.6522(outOfOrder) BE*MBP*E14515*2=0.6522(available) BE*MBP*E14513*1=0.6522(available) BE*MBP*E14665*2=0.6522(available) BE*MBP*E14508*1=0.6522(available) BE*MBP*E14516*1=0.6522(available) BE*MBP*E14511*2=0.6522(available) BE*MBP*E14503*1=0.6522(outOfOrder)
D’Ieteren Energy,De Buisseretlaan 51,2870,Breendonk,51.045571,4.330807,AC,7.4,iec62196T2,0.3751 / 0.7260,4 / 2,1.94,386210291 542737116,D’Ieteren Energy-89143125,NLLMSE1000015024*2=0.3751(available) NLLMSE1000015024*1=0.3751(available) NLLMSE1000025132*1=0.3751(unknown) NLLMSE1000025132*2=0.3751(unknown) NLLMSE1234874856*2=0.7260(available) NLLMSE1234874856*1=0.7260(available)
Interparking,Hopland 38'40,2000,Antwerp,51.216562,4.412234,AC,11.0,iec62196T2,0.2900 / 0.5499,103 / 20,1.90,32cea6d6f33f4c33a7725379e323fb1b 8989c2c1-b3d8-42c8-b98d-68bfeb13f0b4,Interparking-be-1578,BE*IPK*EHPL*D19*1=0.2900(available) BE*IPK*EHPL*G20*1=0.2900(available) BE*IPK*EHPL*D05*1=0.2900(available) BE*IPK*EHPL*C12*1=0.2900(available) BE*IPK*EHPL*C16*1=0.2900(available) BE*IPK*EHPL*F12*1=0.2900(available) BE*IPK*EHPL*H01*1=0.2900(available) BE*IPK*EHPL*H08*1=0.2900(available) BE*IPK*EHPL*D06*1=0.2900(charging) BE*IPK*EHPL*F02*1=0.2900(available) BE*IPK*EHPL*C02*1=0.2900(available) BE*IPK*EHPL*D20*1=0.2900(available) BE*IPK*EHPL*G01*1=0.2900(unknown) BE*IPK*EHPL*E03*1=0.2900(available) BE*IPK*EHPL*H14*1=0.2900(available) BE*IPK*EHPL*D12*1=0.2900(available) BE*IPK*EHPL*E05*1=0.2900(available) BE*IPK*EHPL*E04*1=0.2900(available) BE*IPK*EHPL*G22*1=0.2900(available) BE*IPK*EHPL*G14*1=0.2900(charging) BE*IPK*EHPL*C13*1=0.2900(available) BE*IPK*EHPL*H13*1=0.2900(available) BE*IPK*EHPL*D07*1=0.2900(available) BE*IPK*EHPL*D17*1=0.2900(available) BE*IPK*EHPL*C14*1=0.2900(available) BE*IPK*EHPL*H06*1=0.2900(available) BE*IPK*EHPL*G09*1=0.2900(available) BE*IPK*EHPL*H16*1=0.2900(available) BE*IPK*EHPL*H03*1=0.2900(available) BE*IPK*EHPL*H12*1=0.2900(available) BE*IPK*EHPL*D18*1=0.2900(available) BE*IPK*EHPL*G06*1=0.2900(available) BE*IPK*EHPL*E08*1=0.2900(available) BE*IPK*EHPL*E07*1=0.2900(charging) BE*IPK*EHPL*G08*1=0.2900(available) BE*IPK*EHPL*E09*1=0.2900(available) BE*IPK*EHPL*G21*1=0.2900(available) BE*IPK*EHPL*G24*1=0.2900(available) BE*IPK*EHPL*H15*1=0.2900(available) BE*IPK*EHPL*D13*1=0.2900(available) BE*IPK*EHPL*G15*1=0.2900(available) BE*IPK*EHPL*G17*1=0.2900(available) BE*IPK*EHPL*D10*1=0.2900(available) BE*IPK*EHPL*G03*1=0.2900(available) BE*IPK*EHPL*E01*1=0.2900(charging) BE*IPK*EHPL*H02*1=0.2900(available) BE*IPK*EHPL*D11*1=0.2900(available) BE*IPK*EHPL*H05*1=0.2900(available) BE*IPK*EHPL*B01*1=0.2900(available) BE*IPK*EHPL*D15*1=0.2900(available) BE*IPK*EHPL*E06*1=0.2900(available) BE*IPK*EHPL*D16*1=0.2900(available) BE*IPK*EHPL*H11*1=0.2900(available) BE*IPK*EHPL*F06*1=0.2900(available) BE*IPK*EHPL*D01*1=0.2900(charging) BE*IPK*EHPL*F16*1=0.2900(available) BE*IPK*EHPL*C10*1=0.2900(available) BE*IPK*EHPL*G04*1=0.2900(available) BE*IPK*EHPL*C15*1=0.2900(available) BE*IPK*EHPL*D03*1=0.2900(available) BE*IPK*EHPL*G07*1=0.2900(available) BE*IPK*EHPL*G25*1=0.2900(available) BE*IPK*EHPL*F17*1=0.2900(charging) BE*IPK*EHPL*H07*1=0.2900(available) BE*IPK*EHPL*D14*1=0.2900(available) BE*IPK*EHPL*H09*1=0.2900(available) BE*IPK*EHPL*H10*1=0.2900(unknown) BE*IPK*EHPL*F11*1=0.2900(available) BE*IPK*EHPL*F03*1=0.2900(available) BE*IPK*EHPL*H17*1=0.2900(available) BE*IPK*EHPL*F04*1=0.2900(available) BE*IPK*EHPL*G23*1=0.2900(unknown) BE*IPK*EHPL*G12*1=0.2900(unknown) BE*IPK*EHPL*D02*1=0.2900(available) BE*IPK*EHPL*F14*1=0.2900(available) BE*IPK*EHPL*G26*1=0.2900(charging) BE*IPK*EHPL*H18*1=0.2900(available) BE*IPK*EHPL*B02*1=0.2900(available) BE*IPK*EHPL*F15*1=0.2900(available) BE*IPK*EHPL*H04*1=0.2900(available) BE*IPK*EHPL*G19*1=0.2900(available) BE*IPK*EHPL*E02*1=0.2900(available) BE*IPK*EHPL*D08*1=0.2900(charging) BE*IPK*EHPL*D04*1=0.2900(available) BE*IPK*EHPL*F01*1=0.2900(available) BE*IPK*EHPL*G11*1=0.2900(available) BE*IPK*EHPL*C11*1=0.2900(available) BE*IPK*EHPL*G16*1=0.2900(available) BE*IPK*EHPL*C17*1=0.2900(available) BE*IPK*EHPL*F09*1=0.2900(available) BE*IPK*EHPL*F07*1=0.2900(available) BE*IPK*EHPL*F08*1=0.2900(available) BE*IPK*EHPL*G10*1=0.2900(available) BE*IPK*EHPL*G02*1=0.2900(available) BE*IPK*EHPL*G05*1=0.2900(available) BE*IPK*EHPL*C01*1=0.2900(available) BE*IPK*EHPL*G13*1=0.2900(available) BE*IPK*EHPL*F05*1=0.2900(charging) BE*IPK*EHPL*G18*1=0.2900(available) BE*IPK*EHPL*B03*1=0.2900(available) BE*IPK*EHPL*D09*1=0.2900(available) BE*IPK*EHPL*F13*1=0.2900(available) BE*IPK*EHPL*F10*1=0.2900(available) BE*IPK*EHPL*A02*1=0.5499(available) BE*IPK*EHPL*A08*1=0.5499(available) BE*IPK*EHPL*A04*1=0.5499(available) BE*IPK*EHPL*A07*1=0.5499(available) BE*IPK*EHPL*A15*1=0.5499(available) BE*IPK*EHPL*A12*1=0.5499(charging) BE*IPK*EHPL*A01*1=0.5499(available) BE*IPK*EHPL*A11*1=0.5499(unknown) BE*IPK*EHPL*A20*1=0.5499(available) BE*IPK*EHPL*A17*1=0.5499(available) BE*IPK*EHPL*A18*1=0.5499(outOfOrder) BE*IPK*EHPL*A19*1=0.5499(charging) BE*IPK*EHPL*A10*1=0.5499(available) BE*IPK*EHPL*A16*1=0.5499(available) BE*IPK*EHPL*A06*1=0.5499(charging) BE*IPK*EHPL*A14*1=0.5499(available) BE*IPK*EHPL*A03*1=0.5499(available) BE*IPK*EHPL*A05*1=0.5499(available) BE*IPK*EHPL*A09*1=0.5499(available) BE*IPK*EHPL*A13*1=0.5499(available)
MobilityPlus,Technologielaan 15,3001,Leuven,50.852866,4.734337,AC,7.4,iec62196T2,0.3548 / 0.6655,8 / 4,1.88,BEMBPT21154925 BEMBPT21175097,MobilityPlus-1112484,BE*MBP*E17388*1=0.3548(available) BE*MBP*E17387*2=0.3548(available) BE*MBP*E17388*2=0.3548(available) BE*MBP*E17387*1=0.3548(available) BE*MBP*E17386*2=0.3548(available) BE*MBP*E17385*1=0.3548(available) BE*MBP*E17386*1=0.3548(available) BE*MBP*E17385*2=0.3548(available) BE*MBP*E17552*2=0.6655(available) BE*MBP*E17361*1=0.6655(available) BE*MBP*E17552*1=0.6655(available) BE*MBP*E17361*2=0.6655(available)
Luminus,Bergensesteenweg 1424,1070,Anderlecht,50.813047,4.290063,AC,3.7,iec62196T2,0.3630 / 0.6655,1 / 8,1.83,201054968 214550038,Luminus-89359444,BEEDFE1234602713*1=0.3630(available) BEEDFE1000107110*1=0.6655(available) BEEDFE1000107110*2=0.6655(available) BEEDFE1000107211*1=0.6655(available) BEEDFE1000107119*1=0.6655(available) BEEDFE1000107119*2=0.6655(available) BEEDFE1000107211*2=0.6655(available) BEEDFE1000107120*2=0.6655(available) BEEDFE1000107120*1=0.6655(available)
Pluginvest,Michiganstraat 1,2030,Antwerpen,51.253266,4.416744,AC,3.7,iec62196T2,0.3630 / 0.6413,12 / 6,1.77,484858959 484864421,Pluginvest-90195153,NLLMSE1234622685*2=0.3630(available) NLLMSE1234622681*1=0.3630(available) NLLMSE1234622686*1=0.3630(available) NLLMSE1234622687*2=0.3630(available) NLLMSE1234622688*1=0.3630(available) NLLMSE1234622685*1=0.3630(available) NLLMSE1234622691*2=0.3630(available) NLLMSE1234622686*2=0.3630(available) NLLMSE1234622687*1=0.3630(available) NLLMSE1234622681*2=0.3630(available) NLLMSE1234622688*2=0.3630(available) NLLMSE1234622691*1=0.3630(available) NLLMSE1234619733*2=0.6413(available) NLLMSE1234619733*1=0.6413(available) NLLMSE1234619736*2=0.6413(available) NLLMSE1234619735*1=0.6413(available) NLLMSE1234619736*1=0.6413(available) NLLMSE1234619735*2=0.6413(available)
MobilityPlus,Henri-Joseph Genessestraat 1,1070,Anderlecht,50.822207,4.31032,AC,7.4,iec62196T2,0.3327 / 0.5723,2 / 36,1.72,GRP-2223 GRP-253,MobilityPlus-889128,BE*MBP*E17258*1=0.3327(available) BE*MBP*E17258*2=0.3327(available) BE*MBP*E17257*1=0.5723(available) BE*MBP*E17149*2=0.5723(available) BE*MBP*E17255*1=0.5723(available) BE*MBP*E17252*1=0.5723(available) BE*MBP*E17251*1=0.5723(available) BE*MBP*E17142*1=0.5723(available) BE*MBP*E17250*2=0.5723(available) BE*MBP*E17252*2=0.5723(available) BE*MBP*E17249*1=0.5723(available) BE*MBP*E17249*2=0.5723(available) BE*MBP*E17170*2=0.5723(available) BE*MBP*E17142*2=0.5723(available) BE*MBP*E17172*1=0.5723(available) BE*MBP*E17251*2=0.5723(available) BE*MBP*E17175*1=0.5723(available) BE*MBP*E17174*2=0.5723(available) BE*MBP*E17256*2=0.5723(available) BE*MBP*E17177*1=0.5723(available) BE*MBP*E17170*1=0.5723(available) BE*MBP*E17173*1=0.5723(available) BE*MBP*E17255*2=0.5723(available) BE*MBP*E17254*2=0.5723(available) BE*MBP*E17174*1=0.5723(available) BE*MBP*E17253*1=0.5723(available) BE*MBP*E17172*2=0.5723(available) BE*MBP*E17253*2=0.5723(available) BE*MBP*E17175*2=0.5723(available) BE*MBP*E17254*1=0.5723(available) BE*MBP*E17176*2=0.5723(available) BE*MBP*E17149*1=0.5723(available) BE*MBP*E17256*1=0.5723(available) BE*MBP*E17176*1=0.5723(available) BE*MBP*E17250*1=0.5723(available) BE*MBP*E17257*2=0.5723(available) BE*MBP*E17177*2=0.5723(available) BE*MBP*E17173*2=0.5723(available)
Eneco,Ringlaan 15,9900,Eeklo,51.191,3.5322,AC,22.0,iec62196T2,0.3872 / 0.4477 / 0.5445 / 0.6534,15 / 1 / 11 / 1,1.69,WS032 WS037 WS045 WS054,Eneco-1D492C41-01A4-4CD8-851D-312A32EE19CD,BE*ENE*EENECO*G730869*1=0.3872(available) BE*ENE*EENECO*G730380*1=0.3872(available) BE*ENE*EENECO*G730885*1=0.3872(charging) BE*ENE*EENECO*G730378*1=0.3872(available) BE*ENE*EENECO*G730916*1=0.3872(available) BE*ENE*EENECO*G730865*1=0.3872(available) BE*ENE*EENECO*G730393*1=0.3872(available) BE*ENE*EENECO*G730375*1=0.3872(available) BE*ENE*EENECO*G730901*1=0.3872(available) BE*ENE*EENECO*G730400*1=0.3872(available) BE*ENE*EENECO*G730917*1=0.3872(available) BE*ENE*EENECO*G730876*1=0.3872(available) BE*ENE*EENECO*G730872*1=0.3872(available) BE*ENE*EENECO*G730914*1=0.3872(available) BE*ENE*EENECO*G730905*1=0.3872(available) BE*ENE*EENECO*G731589*1=0.4477(available) BE*ENE*EENECO*G730382*1=0.5445(available) BE*ENE*EENECO*G730896*1=0.5445(available) BE*ENE*EENECO*G730915*1=0.5445(available) BE*ENE*EENECO*G730913*1=0.5445(available) BE*ENE*EENECO*G730877*1=0.5445(unknown) BE*ENE*EENECO*G730882*1=0.5445(available) BE*ENE*EENECO*G730373*1=0.5445(charging) BE*ENE*EENECO*G730884*1=0.5445(available) BE*ENE*EENECO*G730396*1=0.5445(available) BE*ENE*EENECO*G730904*1=0.5445(available) BE*ENE*EENECO*G730868*1=0.5445(available) BE*ENE*EENECO*G730911*1=0.6534(available)
MobilityPlus,Heersterveldweg 17b,3700,Tongeren,50.785429,5.52014,AC,7.4,iec62196T2,0.3993 / 0.6655,28 / 1,1.67,BEMBPT4780 GRP-101,MobilityPlus-BEMOBL120513,BE*MBP*E4360*1=0.3993(outOfOrder) BE*MBP*E4358*2=0.3993(available) BE*MBP*E11209*2=0.3993(available) BE*MBP*E11210*2=0.3993(charging) BE*MBP*E11206*2=0.3993(available) BE*MBP*E11204*1=0.3993(available) BE*MBP*E4360*2=0.3993(available) BE*MBP*E5626*1=0.3993(charging) BE*MBP*E11207*2=0.3993(available) BE*MBP*E11209*1=0.3993(charging) BE*MBP*E5627*2=0.3993(charging) BE*MBP*E11208*1=0.3993(charging) BE*MBP*E11205*2=0.3993(available) BE*MBP*E11213*1=0.3993(charging) BE*MBP*E11212*1=0.3993(charging) BE*MBP*E11213*2=0.3993(available) BE*MBP*E11207*1=0.3993(available) BE*MBP*E4358*1=0.3993(charging) BE*MBP*E11210*1=0.3993(available) BE*MBP*E11211*2=0.3993(charging) BE*MBP*E5627*1=0.3993(outOfOrder) BE*MBP*E11204*2=0.3993(charging) BE*MBP*E11206*1=0.3993(available) BE*MBP*E11212*2=0.3993(available) BE*MBP*E11211*1=0.3993(available) BE*MBP*E11208*2=0.3993(available) BE*MBP*E5626*2=0.3993(charging) BE*MBP*E11205*1=0.3993(available) BE*MBP*E5250*2=0.6655(charging)
D’Ieteren Energy,Peerderbaan 70,3670,Oudsbergen,51.11029,5.505079,AC,7.4,iec62196T2,0.3678 / 0.6050,1 / 2,1.64,542734295 542736839,D’Ieteren Energy-90110354,NLLMSE1234690649*1=0.3678(charging) NLLMSE1000029312*2=0.6050(outOfOrder) NLLMSE1000029312*1=0.6050(outOfOrder)
EVECHARGE,Rue Melville Wilson 2,5330,Assesse,50.365544,5.045453,AC,7.4,iec62196T2,0.3025 / 0.4840,3 / 9,1.60,364236248 415318717,EVECHARGE-90987540,BELMSE1234712263*1=0.3025(available) BELMSE1234712258*1=0.3025(available) BELMSE1234712262*1=0.3025(available) BELMSE1234712259*1=0.4840(available) BELMSE1234712252*1=0.4840(available) BELMSE1234712255*1=0.4840(outOfOrder) BELMSE1234712254*1=0.4840(available) BELMSE1234712260*1=0.4840(available) BELMSE1234712257*1=0.4840(available) BELMSE1234712253*1=0.4840(available) BELMSE1234712256*1=0.4840(available) BELMSE1234712261*1=0.4840(available)
Eneco,Blokhuisstraat 42,2800,Mechelen,51.050982,4.454885,AC,22.0,iec62196T2,0.5687 / 0.9075,22 / 2,1.60,WS047 WS075,Eneco-3F755B5F-792E-4AAC-82DB-B5BF87D09CB9,BE*ENE*EACE0304506*1=0.5687(available) BE*ENE*EACE0304559*2=0.5687(available) BE*ENE*EACE0304579*1=0.5687(available) BE*ENE*EACE0304552*1=0.5687(available) BE*ENE*EACE0304496*1=0.5687(available) BE*ENE*EACE0304542*2=0.5687(unknown) BE*ENE*EACE0733335*2=0.5687(available) BE*ENE*EACE0304579*2=0.5687(available) BE*ENE*EACE0733345*2=0.5687(available) BE*ENE*EACE0733345*1=0.5687(available) BE*ENE*EACE0733335*1=0.5687(available) BE*ENE*EACE0304552*2=0.5687(available) BE*ENE*EACE0304496*2=0.5687(available) BE*ENE*EACE0304554*1=0.5687(available) BE*ENE*EACE0304535*2=0.5687(available) BE*ENE*EACE0304542*1=0.5687(unknown) BE*ENE*EACE0304506*2=0.5687(available) BE*ENE*EACE0304554*2=0.5687(available) BE*ENE*EACE0390371*1=0.5687(available) BE*ENE*EACE0304535*1=0.5687(available) BE*ENE*EACE0304559*1=0.5687(available) BE*ENE*EACE0390377*1=0.5687(available) BE*ENE*EACE0304499*2=0.9075(available) BE*ENE*EACE0304499*1=0.9075(available)
MobilityPlus,Noorderlaan 111,2030,Antwerpen,51.261907,4.417618,AC,7.4,iec62196T2,0.4925 / 0.7853,1 / 3,1.59,BEMBPT121396 BEMBPT60568,MobilityPlus-821327,BE*MBP*E15710*1=0.4925(available) BE*MBP*E15711*1=0.7853(available) BE*MBP*E15710*2=0.7853(available) BE*MBP*E15711*2=0.7853(available)
50five,Europark-Noord 5,9100,Sint-Niklaas,51.165645,4.171644,AC,3.7,iec62196T2,0.4235 / 0.6655,1 / 1,1.57,425285394 549072346,50five-91228611,BE505E1234767734*1=0.4235(available) BE505E1234840846*1=0.6655(available)
MobilityPlus,Noordkustlaan 14,1700,Dilbeek,50.875784,4.279774,AC,7.4,iec62196T2,0.3327 / 0.5120,1 / 34,1.54,BEMBPT21205697 GRP-253,MobilityPlus-314987,BE*MBP*E17949*1=0.3327(available) BE*MBP*E16517*2=0.5120(available) BE*MBP*E16645*2=0.5120(available) BE*MBP*E16514*1=0.5120(available) BE*MBP*E16512*2=0.5120(available) BE*MBP*E16518*1=0.5120(available) BE*MBP*E16515*1=0.5120(available) BE*MBP*E16515*2=0.5120(available) BE*MBP*E16479*2=0.5120(available) BE*MBP*E16649*2=0.5120(available) BE*MBP*E16517*1=0.5120(available) BE*MBP*E16404*2=0.5120(available) BE*MBP*E16645*1=0.5120(available) BE*MBP*E16514*2=0.5120(available) BE*MBP*E16649*1=0.5120(available) BE*MBP*E16518*2=0.5120(available) BE*MBP*E16479*1=0.5120(available) BE*MBP*E16646*1=0.5120(available) BE*MBP*E16404*1=0.5120(available) BE*MBP*E16401*2=0.5120(charging) BE*MBP*E16402*1=0.5120(available) BE*MBP*E16401*1=0.5120(available) BE*MBP*E16403*1=0.5120(available) BE*MBP*E16480*2=0.5120(available) BE*MBP*E16516*1=0.5120(available) BE*MBP*E16402*2=0.5120(available) BE*MBP*E16482*2=0.5120(available) BE*MBP*E16646*2=0.5120(available) BE*MBP*E16482*1=0.5120(available) BE*MBP*E16403*2=0.5120(available) BE*MBP*E16516*2=0.5120(available) BE*MBP*E16647*2=0.5120(available) BE*MBP*E16647*1=0.5120(available) BE*MBP*E16480*1=0.5120(available) BE*MBP*E16512*1=0.5120(available)
Luminus Sub-MSP,Roterijstraat 145,8790,Waregem,50.894925,3.405202,AC,2.3,iec62196T2,0.3630 / 0.5445,8 / 2,1.50,424699079 424699089,Luminus Sub-MSP-90915932,BEEDFE1234694039*1=0.3630(available) BEEDFE1234694041*2=0.3630(available) BEEDFE1234694041*1=0.3630(available) BEEDFE1234694040*2=0.3630(available) BEEDFE1234694040*1=0.3630(available) BEEDFE1234694042*2=0.3630(available) BEEDFE1234694039*2=0.3630(available) BEEDFE1234694042*1=0.3630(available) BEEDFE1234704612*1=0.5445(unknown) BEEDFE1234704612*2=0.5445(unknown)
Luminus,Eikelaarstraat 32,3600,Genk,50.934057,5.484418,AC,3.7,iec62196T2,0.3678 / 0.5445,1 / 6,1.48,201055485 549152714,Luminus-90169085,BEEDFE1234612333*1=0.3678(available) BEEDFE1000146984*22091865=0.5445(available) BEEDFE1000146984*22091864=0.5445(available) BEEDFE1000146984*21441836=0.5445(available) BEEDFE1000146984*22090931=0.5445(available) BEEDFE1000146984*21441834=0.5445(available) BEEDFE1000146984*21441617=0.5445(available)
Stroohm,Kunstlaan 20,1000,Brussel,-43,-43,AC,7.4,iec62196T2,0.2904 / 0.3678 / 0.4246,1 / 10 / 13,1.46,409364347 549234344 549235389,Stroohm-89332768,NLLMSE1234637810*1=0.2904(available) NLLMSE1234636506*10=0.3678(available) NLLMSE1234636506*8=0.3678(available) NLLMSE1234636506*6=0.3678(available) NLLMSE1234636506*5=0.3678(available) NLLMSE1234636506*2=0.3678(available) NLLMSE1234636506*7=0.3678(available) NLLMSE1234636506*4=0.3678(available) NLLMSE1234636506*1=0.3678(available) NLLMSE1234636506*3=0.3678(available) NLLMSE1234636506*9=0.3678(available) NLLMSE1234637824*1=0.4246(available) NLLMSE1234637821*1=0.4246(available) NLLMSE1234637822*1=0.4246(available) NLLMSE1234637818*1=0.4246(available) NLLMSE1234637813*1=0.4246(available) NLLMSE1234637823*1=0.4246(available) NLLMSE1234637819*1=0.4246(available) NLLMSE1234637825*1=0.4246(available) NLLMSE1234637816*1=0.4246(available) NLLMSE1234637817*1=0.4246(available) NLLMSE1234637826*1=0.4246(available) NLLMSE1234637812*1=0.4246(available) NLLMSE1234637820*1=0.4246(available)
MobilityPlus,Culliganlaan 3,1831,Diegem,50.886435,4.452651,AC,7.4,iec62196T2,0.3993 / 0.5723,212 / 4,1.43,GRP-101 GRP-27023,MobilityPlus-273574,BE*MBP*E8865*2=0.3993(available) BE*MBP*E9028*2=0.3993(available) BE*MBP*E9778*1=0.3993(available) BE*MBP*E9745*1=0.3993(available) BE*MBP*E8906*2=0.3993(available) BE*MBP*E9060*1=0.3993(available) BE*MBP*E9754*1=0.3993(available) BE*MBP*E11155*2=0.3993(available) BE*MBP*E15520*1=0.3993(available) BE*MBP*E12939*1=0.3993(available) BE*MBP*E9028*1=0.3993(available) BE*MBP*E9743*1=0.3993(available) BE*MBP*E6695*2=0.3993(available) BE*MBP*E12923*1=0.3993(available) BE*MBP*E12919*2=0.3993(available) BE*MBP*E6700*2=0.3993(available) BE*MBP*E12930*1=0.3993(available) BE*MBP*E9747*1=0.3993(available) BE*MBP*E9742*1=0.3993(available) BE*MBP*E6685*2=0.3993(outOfOrder) BE*MBP*E15518*2=0.3993(available) BE*MBP*E12916*2=0.3993(available) BE*MBP*E6703*2=0.3993(available) BE*MBP*E12924*2=0.3993(available) BE*MBP*E6672*1=0.3993(available) BE*MBP*E8892*2=0.3993(available) BE*MBP*E12924*1=0.3993(available) BE*MBP*E12926*2=0.3993(available) BE*MBP*E11152*1=0.3993(available) BE*MBP*E11185*1=0.3993(charging) BE*MBP*E15518*1=0.3993(available) BE*MBP*E8884*1=0.3993(available) BE*MBP*E11168*2=0.3993(available) BE*MBP*E15514*1=0.3993(available) BE*MBP*E9053*1=0.3993(available) BE*MBP*E12921*2=0.3993(available) BE*MBP*E9781*2=0.3993(available) BE*MBP*E12923*2=0.3993(available) BE*MBP*E9763*2=0.3993(available) BE*MBP*E6685*1=0.3993(outOfOrder) BE*MBP*E8911*1=0.3993(available) BE*MBP*E8914*1=0.3993(available) BE*MBP*E9781*1=0.3993(available) BE*MBP*E9782*1=0.3993(available) BE*MBP*E9760*2=0.3993(charging) BE*MBP*E6703*1=0.3993(available) BE*MBP*E6682*1=0.3993(available) BE*MBP*E9768*1=0.3993(available) BE*MBP*E9059*1=0.3993(available) BE*MBP*E9778*2=0.3993(available) BE*MBP*E9757*2=0.3993(available) BE*MBP*E6694*2=0.3993(available) BE*MBP*E11152*2=0.3993(available) BE*MBP*E6673*1=0.3993(available) BE*MBP*E6696*2=0.3993(available) BE*MBP*E9059*2=0.3993(available) BE*MBP*E15517*1=0.3993(outOfOrder) BE*MBP*E8914*2=0.3993(available) BE*MBP*E6693*2=0.3993(available) BE*MBP*E9742*2=0.3993(available) BE*MBP*E11158*1=0.3993(available) BE*MBP*E15514*2=0.3993(available) BE*MBP*E15520*2=0.3993(available) BE*MBP*E8882*2=0.3993(available) BE*MBP*E9001*2=0.3993(available) BE*MBP*E9782*2=0.3993(available) BE*MBP*E9743*2=0.3993(available) BE*MBP*E15516*2=0.3993(available) BE*MBP*E12925*2=0.3993(available) BE*MBP*E6675*2=0.3993(available) BE*MBP*E9766*1=0.3993(available) BE*MBP*E12929*1=0.3993(available) BE*MBP*E9053*2=0.3993(available) BE*MBP*E11167*2=0.3993(available) BE*MBP*E8904*2=0.3993(available) BE*MBP*E9051*2=0.3993(available) BE*MBP*E8889*2=0.3993(available) BE*MBP*E9057*2=0.3993(available) BE*MBP*E9749*1=0.3993(available) BE*MBP*E9768*2=0.3993(available) BE*MBP*E6677*1=0.3993(available) BE*MBP*E6663*1=0.3993(available) BE*MBP*E11153*2=0.3993(available) BE*MBP*E12927*2=0.3993(available) BE*MBP*E12934*2=0.3993(available) BE*MBP*E8985*2=0.3993(available) BE*MBP*E12930*2=0.3993(available) BE*MBP*E11158*2=0.3993(available) BE*MBP*E11181*1=0.3993(available) BE*MBP*E8999*1=0.3993(available) BE*MBP*E8897*1=0.3993(available) BE*MBP*E12935*1=0.3993(available) BE*MBP*E6682*2=0.3993(available) BE*MBP*E7207*2=0.3993(available) BE*MBP*E6677*2=0.3993(available) BE*MBP*E9760*1=0.3993(available) BE*MBP*E12917*1=0.3993(available) BE*MBP*E9747*2=0.3993(available) BE*MBP*E8887*2=0.3993(available) BE*MBP*E6694*1=0.3993(available) BE*MBP*E9757*1=0.3993(available) BE*MBP*E11168*1=0.3993(charging) BE*MBP*E15516*1=0.3993(available) BE*MBP*E6696*1=0.3993(available) BE*MBP*E12929*2=0.3993(available) BE*MBP*E9751*1=0.3993(available) BE*MBP*E12925*1=0.3993(available) BE*MBP*E8889*1=0.3993(available) BE*MBP*E8882*1=0.3993(available) BE*MBP*E9751*2=0.3993(available) BE*MBP*E9741*2=0.3993(available) BE*MBP*E9761*2=0.3993(available) BE*MBP*E11156*1=0.3993(available) BE*MBP*E9749*2=0.3993(available) BE*MBP*E6702*1=0.3993(available) BE*MBP*E6693*1=0.3993(available) BE*MBP*E9032*1=0.3993(available) BE*MBP*E9741*1=0.3993(available) BE*MBP*E11153*1=0.3993(available) BE*MBP*E6663*2=0.3993(available) BE*MBP*E9763*1=0.3993(available) BE*MBP*E11155*1=0.3993(available) BE*MBP*E6673*2=0.3993(available) BE*MBP*E9001*1=0.3993(available) BE*MBP*E6695*1=0.3993(available) BE*MBP*E9776*1=0.3993(outOfOrder) BE*MBP*E11154*1=0.3993(available) BE*MBP*E12920*1=0.3993(available) BE*MBP*E9055*1=0.3993(available) BE*MBP*E8904*1=0.3993(available) BE*MBP*E9031*1=0.3993(available) BE*MBP*E6700*1=0.3993(available) BE*MBP*E12931*2=0.3993(available) BE*MBP*E8911*2=0.3993(available) BE*MBP*E12932*2=0.3993(available) BE*MBP*E9745*2=0.3993(available) BE*MBP*E12922*2=0.3993(available) BE*MBP*E8872*2=0.3993(available) BE*MBP*E12920*2=0.3993(available) BE*MBP*E9055*2=0.3993(available) BE*MBP*E12918*2=0.3993(available) BE*MBP*E12938*1=0.3993(available) BE*MBP*E8879*1=0.3993(available) BE*MBP*E9776*2=0.3993(available) BE*MBP*E12938*2=0.3993(available) BE*MBP*E9052*2=0.3993(available) BE*MBP*E11167*1=0.3993(available) BE*MBP*E12928*2=0.3993(available) BE*MBP*E12934*1=0.3993(available) BE*MBP*E15515*2=0.3993(available) BE*MBP*E8884*2=0.3993(available) BE*MBP*E6674*1=0.3993(available) BE*MBP*E8879*2=0.3993(available) BE*MBP*E12935*2=0.3993(available) BE*MBP*E9054*1=0.3993(available) BE*MBP*E9054*2=0.3993(available) BE*MBP*E9032*2=0.3993(available) BE*MBP*E8906*1=0.3993(available) BE*MBP*E8892*1=0.3993(available) BE*MBP*E15517*2=0.3993(outOfOrder) BE*MBP*E12921*1=0.3993(available) BE*MBP*E9754*2=0.3993(available) BE*MBP*E12919*1=0.3993(available) BE*MBP*E12927*1=0.3993(available) BE*MBP*E11169*1=0.3993(available) BE*MBP*E9000*1=0.3993(available) BE*MBP*E9052*1=0.3993(available) BE*MBP*E7207*1=0.3993(available) BE*MBP*E8897*2=0.3993(available) BE*MBP*E9746*1=0.3993(available) BE*MBP*E12917*2=0.3993(available) BE*MBP*E6672*2=0.3993(available) BE*MBP*E15519*2=0.3993(available) BE*MBP*E9746*2=0.3993(available) BE*MBP*E11185*2=0.3993(available) BE*MBP*E9774*2=0.3993(available) BE*MBP*E6674*2=0.3993(available) BE*MBP*E11181*2=0.3993(available) BE*MBP*E8985*1=0.3993(available) BE*MBP*E15519*1=0.3993(available) BE*MBP*E12926*1=0.3993(available) BE*MBP*E6702*2=0.3993(available) BE*MBP*E8999*2=0.3993(available) BE*MBP*E9031*2=0.3993(available) BE*MBP*E9051*1=0.3993(available) BE*MBP*E6686*1=0.3993(available) BE*MBP*E6686*2=0.3993(available) BE*MBP*E8901*2=0.3993(available) BE*MBP*E11154*2=0.3993(charging) BE*MBP*E12931*1=0.3993(available) BE*MBP*E11186*1=0.3993(available) BE*MBP*E12922*1=0.3993(available) BE*MBP*E8865*1=0.3993(available) BE*MBP*E8901*1=0.3993(available) BE*MBP*E12916*1=0.3993(available) BE*MBP*E12928*1=0.3993(available) BE*MBP*E9000*2=0.3993(available) BE*MBP*E12939*2=0.3993(available) BE*MBP*E9766*2=0.3993(available) BE*MBP*E12918*1=0.3993(available) BE*MBP*E6684*2=0.3993(available) BE*MBP*E11169*2=0.3993(available) BE*MBP*E9774*1=0.3993(available) BE*MBP*E11156*2=0.3993(available) BE*MBP*E6684*1=0.3993(available) BE*MBP*E8872*1=0.3993(available) BE*MBP*E8887*1=0.3993(available) BE*MBP*E12932*1=0.3993(available) BE*MBP*E15515*1=0.3993(available) BE*MBP*E9761*1=0.3993(available) BE*MBP*E9057*1=0.3993(available) BE*MBP*E6675*1=0.3993(available) BE*MBP*E11182*2=0.5723(available) BE*MBP*E11184*2=0.5723(available) BE*MBP*E11184*1=0.5723(available) BE*MBP*E11182*1=0.5723(available)
Eneco,Hagenbroeksesteenweg 167,2500,Lier,51.1488,4.5652,AC,11.0,iec62196T2,0.3267 / 0.4598,2 / 6,1.41,WS027 WS038,Eneco-B1875642-59B0-4581-838D-3E64D664ED85,BE*ENE*EENECO*G772747*2=0.3267(available) BE*ENE*EENECO*G772747*1=0.3267(charging) BE*ENE*EENECO*G772746*2=0.4598(available) BE*ENE*EENECO*G772743*1=0.4598(available) BE*ENE*EENECO*G772744*2=0.4598(available) BE*ENE*EENECO*G772743*2=0.4598(charging) BE*ENE*EENECO*G772744*1=0.4598(available) BE*ENE*EENECO*G772746*1=0.4598(available)
Eneco,Kapittelstraat 84 A,9310,Moorsel,50.94207,4.09022,AC,22.0,iec62196T2,0.4477 / 0.6292,1 / 1,1.41,WS037 WS052,Eneco-9A447B32-D9B3-4138-8881-1B1784B25164,BE*ENE*EENECO*G70598*1=0.4477(unknown) BE*ENE*EENECO*G72232*1=0.6292(available)
Lidl,Rue de Rotterdam 51,1080,Molenbeek-Saint-Jean,50.867966,4.339097,AC,22.0,iec62196T2,0.5000 / 0.7016,3 / 1,1.40,COM197 COM262,Lidl-a4afe7b5-1d04-4422-a625-fc86b163b3c1,BE*LDL*E00000680=0.5000(inoperative) BE*LDL*E00000679=0.5000(inoperative) BE*LDL*E00000681=0.5000(inoperative) BE*LDL*E00000678=0.7016(inoperative)
Stroohm,"Trichterheideweg 2A/bus 24, 3500 Hasselt",3500,Hasselt,50.938703,5.361575,AC,7.4,iec62196T2,0.4318 / 0.6050,2 / 2,1.40,409686694 549234917,Stroohm-91311144,NLLMSE1234882078*1=0.4318(available) NLLMSE1234882078*2=0.4318(available) NLLMSE1234882081*2=0.6050(available) NLLMSE1234882081*1=0.6050(available)
D’Ieteren Energy,BePark - Rue Vivier 3,4841,Welkenraedt,50.685636,5.935499,AC,7.4,iec62196T2,0.5445 / 0.7623,1 / 6,1.40,233501525 386212571,D’Ieteren Energy-90978596,NLLMSE1234575454*1=0.5445(available) NLLMSE1234672469*1=0.7623(available) NLLMSE1234672488*2=0.7623(available) NLLMSE1234672469*2=0.7623(available) NLLMSE1234672500*1=0.7623(available) NLLMSE1234672500*2=0.7623(available) NLLMSE1234672488*1=0.7623(available)
Eneco,Kouterbaan 40,1840,Malderen,51.02001,4.25037,AC,22.0,iec62196T2,0.3993 / 0.5445,2 / 8,1.36,WS045 XS02,Eneco-F4DEC0C6-61A5-4E23-9670-286C7A79B3D6,BE*ENE*EESTG*01639*1=0.3993(available) BE*ENE*EESTG*01639*2=0.3993(available) BE*ENE*EREXBE*4302*1=0.5445(available) BE*ENE*EREXBE*4304*1=0.5445(available) BE*ENE*EREXBE*4301*1=0.5445(available) BE*ENE*EREXBE*4301*2=0.5445(available) BE*ENE*EREXBE*4302*2=0.5445(available) BE*ENE*EENECO*G38760*2=0.5445(available) BE*ENE*EENECO*G38760*1=0.5445(available) BE*ENE*EREXBE*4304*2=0.5445(available)
MobilityPlus,Rue De Ransbeek 310,1120,Bruxelles,50.90111,4.400366,AC,7.4,iec62196T2,0.3461 / 0.4658,45 / 5,1.35,GRP-1047 GRP-1504,MobilityPlus-BEMOBL61402,BE*MBP*E2202*1=0.3461(available) BE*MBP*E2645*1=0.3461(available) BE*MBP*E2659*2=0.3461(available) BE*MBP*E2199*1=0.3461(available) BE*MBP*E2655*2=0.3461(available) BE*MBP*E2649*1=0.3461(available) BE*MBP*E2198*1=0.3461(available) BE*MBP*E2656*2=0.3461(available) BE*MBP*E2202*2=0.3461(available) BE*MBP*E2657*2=0.3461(available) BE*MBP*E2660*1=0.3461(available) BE*MBP*E2647*1=0.3461(available) BE*MBP*E2658*1=0.3461(available) BE*MBP*E2203*1=0.3461(available) BE*MBP*E2201*2=0.3461(outOfOrder) BE*MBP*E2201*1=0.3461(outOfOrder) BE*MBP*E2647*2=0.3461(available) BE*MBP*E2655*1=0.3461(available) BE*MBP*E2651*1=0.3461(available) BE*MBP*E2643*2=0.3461(available) BE*MBP*E2659*1=0.3461(available) BE*MBP*E2200*2=0.3461(available) BE*MBP*E2652*2=0.3461(available) BE*MBP*E2661*1=0.3461(available) BE*MBP*E2652*1=0.3461(available) BE*MBP*E2654*2=0.3461(available) BE*MBP*E2653*2=0.3461(available) BE*MBP*E2646*2=0.3461(available) BE*MBP*E2661*2=0.3461(available) BE*MBP*E2653*1=0.3461(available) BE*MBP*E2658*2=0.3461(available) BE*MBP*E2643*1=0.3461(available) BE*MBP*E2656*1=0.3461(available) BE*MBP*E2203*2=0.3461(available) BE*MBP*E2648*2=0.3461(available) BE*MBP*E2645*2=0.3461(available) BE*MBP*E2649*2=0.3461(available) BE*MBP*E2654*1=0.3461(available) BE*MBP*E2200*1=0.3461(available) BE*MBP*E2651*2=0.3461(available) BE*MBP*E2198*2=0.3461(available) BE*MBP*E2657*1=0.3461(available) BE*MBP*E2199*2=0.3461(available) BE*MBP*E2648*1=0.3461(outOfOrder) BE*MBP*E2660*2=0.3461(available) BE*MBP*E2663*1=0.4658(available) BE*MBP*E2646*1=0.4658(available) BE*MBP*E2204*1=0.4658(available) BE*MBP*E2664*1=0.4658(available) BE*MBP*E2197*1=0.4658(available)
Stroohm,Tervuursesteenweg 564,1982,Elewijt,50.975363,4.50087,AC,4.6,iec62196T2,0.5445 / 0.7260,14 / 2,1.33,409683156 409687220,Stroohm-90991404,NLLMSE1712886*1=0.5445(available) NLLMSE1708289*1=0.5445(available) NLLMSE1708289*2=0.5445(available) NLLMSE1708333*1=0.5445(available) NLLMSE1712886*2=0.5445(available) NLLMSE1708343*2=0.5445(available) NLLMSE1708333*2=0.5445(available) NLLMSE1708287*2=0.5445(available) NLLMSE1708328*2=0.5445(available) NLLMSE1708328*1=0.5445(available) NLLMSE1708343*1=0.5445(charging) NLLMSE1708332*1=0.5445(available) NLLMSE1708332*2=0.5445(available) NLLMSE1708287*1=0.5445(available) NLLMSE1708354*2=0.7260(available) NLLMSE1708354*1=0.7260(available)
Servolt,winning 14,2870,Ruisbroek,51.059367,4.329245,AC,7.4,iec62196T2,0.5445 / 0.7260,1 / 2,1.33,422862294 422862859,Servolt-91378968,BELMSE1234897086*1=0.5445(available) BELMSE1234897085*2=0.7260(available) BELMSE1234897085*1=0.7260(available)
Eneco,Egide Walschaertsstraat 1 A,2800,Mechelen,51.00929,4.46538,AC,22.0,iec62196T2,0.3388 / 0.3993 / 0.4477,2 / 2 / 2,1.32,WS028 WS037 XS02,Eneco-EE3FCCAE-E55B-466E-8613-18200D4D9F56,BE*ENE*EENECO*G45718*1=0.3388(available) BE*ENE*EENECO*G45718*2=0.3388(available) BE*ENE*EENECO*G38757*1=0.3993(available) BE*ENE*EENECO*G38757*2=0.3993(available) BE*ENE*EENECO*G43751*2=0.4477(available) BE*ENE*EENECO*G43751*1=0.4477(available)
Gabriels,Nieuwstraat 68,9280,Wieze,50.984253,4.091164,AC,22.0,iec62196T2,0.4500 / 0.5900,6 / 1,1.31,1501 1956,Gabriels-201748,BE*GAB*E8002300301=0.4500(inoperative) BE*GAB*E8002300401=0.4500(inoperative) BE*GAB*E8002300201=0.4500(inoperative) BE*GAB*E8002300202=0.4500(inoperative) BE*GAB*E8002300302=0.4500(inoperative) BE*GAB*E8002300101=0.4500(unknown) BE*GAB*E8002300402=0.5900(inoperative)
50five,Ketenislaan 1,9130,Kallo,51.271493,4.298182,AC,7.4,iec62196T2,0.5445 / 0.7018,29 / 6,1.29,175491280 215019507,50five-90152239,NLLMSE1000149079*1=0.5445(available) NLLMSE1000148534*2=0.5445(available) NLLMSE1000148541*2=0.5445(available) NLLMSE1000152390*1=0.5445(available) NLLMSE1000152376*1=0.5445(available) NLLMSE1000152377*2=0.5445(available) NLLMSE1000148534*1=0.5445(available) NLLMSE1000152375*2=0.5445(available) NLLMSE1000152403*1=0.5445(available) NLLMSE1000148538*1=0.5445(available) NLLMSE1000148529*2=0.5445(available) NLLMSE1000152403*2=0.5445(available) NLLMSE1000152371*1=0.5445(available) NLLMSE1000148529*1=0.5445(available) NLLMSE1000152389*2=0.5445(available) NLLMSE1000152389*1=0.5445(available) NLLMSE1000148538*2=0.5445(available) NLLMSE1000148533*1=0.5445(available) NLLMSE1000148531*2=0.5445(available) NLLMSE1000152371*2=0.5445(available) NLLMSE1000152395*2=0.5445(available) NLLMSE1000148533*2=0.5445(available) NLLMSE1000148541*1=0.5445(available) NLLMSE1000152375*1=0.5445(available) NLLMSE1000152376*2=0.5445(available) NLLMSE1000152390*2=0.5445(available) NLLMSE1000148531*1=0.5445(available) NLLMSE1000152395*1=0.5445(available) NLLMSE1000152377*1=0.5445(available) NLLMSE1234629828*2=0.7018(available) NLLMSE1234629829*2=0.7018(available) NLLMSE1234614796*1=0.7018(available) NLLMSE1234629828*1=0.7018(available) NLLMSE1234629829*1=0.7018(available) NLLMSE1234614796*2=0.7018(available)
Gabriels,Houtemstraat 25,9860,Oosterzele,50.942859,3.822503,AC,22.0,iec62196T2,0.5000 / 0.6400,5 / 1,1.28,1973 4597,Gabriels-201769,BE*GAB*E8000000301=0.5000(available) BE*GAB*E8000000201=0.5000(available) BE*GAB*E8000000101=0.5000(available) BE*GAB*E8000000302=0.5000(available) BE*GAB*E8000000202=0.5000(available) BE*GAB*E8000000102=0.6400(available)
Eneco,Hunderenveldlaan 10,1082,Sint-Agatha-Berchem,50.87027,4.28633,AC,11.0,iec62196T2,0.4356 / 0.5566,6 / 6,1.28,WS036 WS046,Eneco-6A7FB4C5-E51B-4DE5-AEA8-18CA44AF88F6,BE*ENE*EENECO*G730184*2=0.4356(available) BE*ENE*EENECO*G730176*1=0.4356(available) BE*ENE*EENECO*G730182*2=0.4356(available) BE*ENE*EENECO*G730176*2=0.4356(available) BE*ENE*EENECO*G730184*1=0.4356(available) BE*ENE*EENECO*G730182*1=0.4356(available) BE*ENE*EENECO*G46002*2=0.5566(unknown) BE*ENE*EENECO*G45986*1=0.5566(available) BE*ENE*EENECO*G46002*1=0.5566(unknown) BE*ENE*EENECO*G45998*2=0.5566(available) BE*ENE*EENECO*G45998*1=0.5566(available) BE*ENE*EENECO*G45986*2=0.5566(available)
Eneco,Hunderenveldlaan 10,1082,Sint-Agatha-Berchem,50.87027,4.28633,AC,22.0,iec62196T2,0.4356 / 0.5566,18 / 7,1.28,WS036 WS046,Eneco-6A7FB4C5-E51B-4DE5-AEA8-18CA44AF88F6,BE*ENE*EENECO*G43853*2=0.4356(available) BE*ENE*EENECO*G43843*2=0.4356(available) BE*ENE*EENECO*G43847*1=0.4356(available) BE*ENE*EENECO*G732567*1=0.4356(available) BE*ENE*EENECO*G43848*1=0.4356(available) BE*ENE*EENECO*G43853*1=0.4356(available) BE*ENE*EENECO*G43845*1=0.4356(available) BE*ENE*EENECO*G732563*1=0.4356(available) BE*ENE*EENECO*G732564*1=0.4356(available) BE*ENE*EENECO*G43848*2=0.4356(available) BE*ENE*EENECO*G43847*2=0.4356(available) BE*ENE*EENECO*G43846*2=0.4356(available) BE*ENE*EENECO*G732603*1=0.4356(available) BE*ENE*EENECO*G732571*1=0.4356(available) BE*ENE*EENECO*G43845*2=0.4356(available) BE*ENE*EENECO*G732610*1=0.4356(available) BE*ENE*EENECO*G43843*1=0.4356(available) BE*ENE*EENECO*G43846*1=0.4356(available) BE*ENE*EENECO*G43709*1=0.5566(available) BE*ENE*EENECO*G43713*2=0.5566(unknown) BE*ENE*EEVB*P2018045*2=0.5566(available) BE*ENE*EENECO*G43709*2=0.5566(available) BE*ENE*EENECO*G42783*1=0.5566(available) BE*ENE*EENECO*G43713*1=0.5566(unknown) BE*ENE*EEVB*P2018045*1=0.5566(outOfOrder)
Powered By Zeno,Ysselaarlaan 25,2630,Aartselaar,51.145293,4.385172,AC,22.0,iec62196T2,0.3872 / 0.4840,1 / 1,1.25,169dcdd2-7018-47dc-9528-63c190b8c4cf a824bfadfdb84123acbc88cf5bf3a981,Powered By Zeno-00b35b90-07a1-43cf-a5b9-994ef8a6570f,BE*GFX*ESMP*6231002667*1=0.3872(available) BE*GFX*ESMP*6231002691*1=0.4840(unknown)
50five,Urselweg 55,9990,Maldegem,51.17348,3.465814,AC,3.7,iec62196T2,0.5566 / 0.6897,1 / 1,1.24,425285206 425285434,50five-91149998,BE505E1234784076*1=0.5566(available) BE505E1234764988*1=0.6897(available)
G&V,Krommebeekpark 6,8800,Roeselare,50.975048,3.157082,AC,7.4,iec62196T2,0.3630 / 0.4477,5 / 6,1.23,248502301 564480395,G&V-91266579,BECAPE1234714322*2023988=0.3630(available) BECAPE1234714322*2023638=0.3630(available) BECAPE1234714322*2021018=0.3630(available) BECAPE1234714322*1950793=0.3630(available) BECAPE1234714322*1917130=0.3630(available) BECAPE1234865720*2026002=0.4477(available) BECAPE1234865720*2021265=0.4477(available) BECAPE1234865720*2020491=0.4477(available) BECAPE1234865720*2010179=0.4477(available) BECAPE1234865720*1950298=0.4477(available) BECAPE1234865720*1908654=0.4477(available)
MobilityPlus,Brusselsesteenweg 56,3020,Herent,50.887628,4.664207,AC,7.4,iec62196T2,0.4925 / 0.5989,1 / 5,1.22,BEMBPT121396 GRP-71332,MobilityPlus-BEMOBL25469,BE*MBP*E4391*2=0.4925(available) BE*MBP*E4392*1=0.5989(available) BE*MBP*E881*1=0.5989(available) BE*MBP*E4391*1=0.5989(available) BE*MBP*E4392*2=0.5989(available) BE*MBP*E881*2=0.5989(available)
novoeco | recharge (BayWa),Rue de l'Entreprise 13,4530,Villers-le-Bouillet,50.583205,5.271454,AC,3.7,iec62196T2,0.6413 / 0.7744,2 / 4,1.21,198663748 338902598,novoeco | recharge (BayWa)-90361462,LUBAYE1234695036*2=0.6413(available) LUBAYE1234695036*1=0.6413(available) LUBAYE1234713060*1=0.7744(available) LUBAYE1234713060*2=0.7744(available) LUBAYE1234713059*2=0.7744(available) LUBAYE1234713059*1=0.7744(available)
EVECHARGE,1 er Avenue 22/40,4040,Herstal,50.690324,5.619174,AC,7.4,iec62196T2,0.6050 / 0.7260,4 / 12,1.20,313334091 362742755,EVECHARGE-90268780,BELMSE1234636830*1=0.6050(available) BELMSE1234636831*1=0.6050(available) BELMSE1234636828*1=0.6050(available) BELMSE1234636829*1=0.6050(available) BELMSE1234636808*1=0.7260(available) BELMSE1234636819*1=0.7260(available) BELMSE1234636816*1=0.7260(available) BELMSE1234636814*1=0.7260(available) BELMSE1234636809*1=0.7260(available) BELMSE1234636818*1=0.7260(available) BELMSE1234636812*1=0.7260(available) BELMSE1234636811*1=0.7260(available) BELMSE1234636817*1=0.7260(available) BELMSE1234636813*1=0.7260(available) BELMSE1234636810*1=0.7260(available) BELMSE1234636815*1=0.7260(available)
Sparki,Laarnebaan 1,9070,Destelbergen,51.03295,3.80425,DC,320.0,iec62196T2COMBO,0.7900 / 0.9438,4 / 1,1.19,0e8aa15c21374325a93d1f022abcef26 EURE078,Sparki-750d2ee1-7f65-4e37-addb-914a3b7d93fa,BE*SPK*EMA*110*02*1=0.7900(available) BE*SPK*EMA*110*01*2=0.7900(available) BE*SPK*EMA*110*01*1=0.7900(available) BE*SPK*EMA*110*02*2=0.7900(available) BE*SPK*EBE*SPK*EMA*110*02*1=0.9438(unknown)
Eneco,Rue du Wérihet 61,4020,Liège,50.67744,5.64965,AC,22.0,iec62196T2,0.3388 / 0.3993,2 / 2,1.18,WS028 XS02,Eneco-F29D2554-B292-400D-A155-BE6164291521,BE*ENE*EENECO*G45685*2=0.3388(available) BE*ENE*EENECO*G45685*1=0.3388(available) BE*ENE*EENECO*G38751*1=0.3993(available) BE*ENE*EENECO*G38751*2=0.3993(available)
Eneco,Kuiermansstraat 1,1880,Kapelle-op-den-Bos,51.009536,4.361487,AC,11.0,iec62196T2,0.3993 / 0.4598,2 / 22,1.15,WS038 XS02,Eneco-6F826043-80BD-47D6-AB91-88A6726A70ED,BE*ENE*EACE0601113*2=0.3993(available) BE*ENE*EACE0601113*1=0.3993(available) BE*ENE*EACE0601079*1=0.4598(available) BE*ENE*EACE0601082*2=0.4598(available) BE*ENE*EACE0601080*1=0.4598(available) BE*ENE*EACE0601084*1=0.4598(available) BE*ENE*EACE0601102*1=0.4598(available) BE*ENE*EACE0601080*2=0.4598(available) BE*ENE*EACE0601116*1=0.4598(available) BE*ENE*EACE0601103*1=0.4598(available) BE*ENE*EACE0601120*2=0.4598(available) BE*ENE*EACE0601084*2=0.4598(available) BE*ENE*EACE0601112*2=0.4598(available) BE*ENE*EACE0601081*1=0.4598(available) BE*ENE*EACE0601103*2=0.4598(available) BE*ENE*EACE0601120*1=0.4598(available) BE*ENE*EACE0601112*1=0.4598(available) BE*ENE*EACE0601116*2=0.4598(available) BE*ENE*EACE0601102*2=0.4598(available) BE*ENE*EACE0601079*2=0.4598(available) BE*ENE*EACE0601081*2=0.4598(available) BE*ENE*EACE0601101*1=0.4598(available) BE*ENE*EACE0601082*1=0.4598(available) BE*ENE*EACE0601101*2=0.4598(available)
D’Ieteren Energy,Kortrijkstraat 349,8560,Wevelgem,50.819056,3.217939,AC,7.4,iec62196T2,0.9075 / 1.0285,2 / 1,1.13,386216597 386217493,D’Ieteren Energy-89085053,NLLMSE1000007047*1=0.9075(charging) NLLMSE1000007047*2=0.9075(available) NLLMSE1898928*1=1.0285(available)
Eneco,Brussels esteenweg 503G,9090,Melle,50.99419,3.82362,AC,22.0,iec62196T2,0.3993 / 0.4477,3 / 1,1.12,WS037 XS02,Eneco-2080FB8A-E8F5-49F1-BBB0-2E553A14AF63,BE*ENE*EENECO*G733539*2=0.3993(unknown) BE*ENE*EENECO*G733907*1=0.3993(available) BE*ENE*EENECO*G733539*1=0.3993(unknown) BE*ENE*EENECOG741262*1=0.4477(unknown)
50five,Sint Stevens Woluwestraat 55,1130,Haren,50.882294,4.433822,AC,3.7,iec62196T2,0.6050 / 0.6655,1 / 4,1.10,425285290 425285394,50five-91230397,BE505E1234842643*1=0.6050(available) BE505E1234781387*1=0.6655(unknown) BE505E1234784453*1=0.6655(unknown) BE505E1234783632*1=0.6655(unknown) BE505E1234781563*1=0.6655(unknown)
50five,monnikenwerve 13-19,8000,Brugge,51.248589,3.196902,AC,3.7,iec62196T2,0.6050 / 0.6655,10 / 20,1.10,425285290 425285394,50five-91180864,BE505E1234779607*1917549=0.6050(available) BE505E1234779607*1916312=0.6050(available) BE505E1234779607*1913005=0.6050(available) BE505E1234779607*2306240=0.6050(available) BE505E1234779607*1922652=0.6050(available) BE505E1234779607*1916133=0.6050(available) BE505E1234779607*1913089=0.6050(available) BE505E1234779607*2303116=0.6050(available) BE505E1234779607*2506152=0.6050(available) BE505E1234779607*1917050=0.6050(available) BE505E1234800148*1=0.6655(available) BE505E1234800160*1=0.6655(available) BE505E1234800144*1=0.6655(charging) BE505E1234800158*1=0.6655(available) BE505E1234800156*1=0.6655(available) BE505E1234800157*1=0.6655(available) BE505E1234800150*1=0.6655(charging) BE505E1234800147*1=0.6655(available) BE505E1234800161*1=0.6655(available) BE505E1234800162*1=0.6655(available) BE505E1234800146*1=0.6655(available) BE505E1234800154*1=0.6655(available) BE505E1234800153*1=0.6655(available) BE505E1234800151*1=0.6655(available) BE505E1234800163*1=0.6655(available) BE505E1234800152*1=0.6655(available) BE505E1234800159*1=0.6655(available) BE505E1234800149*1=0.6655(available) BE505E1234800145*1=0.6655(available) BE505E1234800155*1=0.6655(available)
Pluginvest,Bist 12,2630,Aartselaar,51.127681,4.373063,AC,3.7,iec62196T2,0.6413 / 0.7018,19 / 2,1.09,484864038 484864421,Pluginvest-89354022,NLLMSE1234859983*1=0.6413(available) NLLMSE1234639794*2=0.6413(available) NLLMSE1234639828*2=0.6413(unknown) NLLMSE1234639826*2=0.6413(unknown) NLLMSE1234639796*2=0.6413(available) NLLMSE1234639825*2=0.6413(unknown) NLLMSE1234639828*1=0.6413(unknown) NLLMSE1234639827*1=0.6413(available) NLLMSE1234639796*1=0.6413(available) NLLMSE1234639824*1=0.6413(available) NLLMSE1234639829*2=0.6413(available) NLLMSE1234859983*2=0.6413(charging) NLLMSE1234639795*1=0.6413(available) NLLMSE1234639824*2=0.6413(available) NLLMSE1234639827*2=0.6413(available) NLLMSE1234639826*1=0.6413(unknown) NLLMSE1234639795*2=0.6413(available) NLLMSE1234639829*1=0.6413(available) NLLMSE1234639825*1=0.6413(unknown) NLLMSE1234859956*1=0.7018(available) NLLMSE1234859956*2=0.7018(available)
Eneco,Haachtsesteenweg 236,1820,Melsbroek,50.91041,4.47863,AC,22.0,iec62196T2,0.3993 / 0.4356,8 / 6,1.09,WS036 XS02,Eneco-5ED23FA6-FA81-4BA1-8427-02EF87FB7688,BE*ENE*EENECO*G44290*1=0.3993(available) BE*ENE*EENECO*G43714*1=0.3993(available) BE*ENE*EENECO*G43711*1=0.3993(available) BE*ENE*EENECO*G44745*1=0.3993(unknown) BE*ENE*EENECO*G44290*2=0.3993(unknown) BE*ENE*EENECO*G44745*2=0.3993(unknown) BE*ENE*EENECO*G43714*2=0.3993(available) BE*ENE*EENECO*G43711*2=0.3993(available) BE*ENE*EENECO*G38886*2=0.4356(unknown) BE*ENE*EENECO*G38887*2=0.4356(available) BE*ENE*EENECO*G38887*1=0.4356(available) BE*ENE*EENECO*G38879*2=0.4356(available) BE*ENE*EENECO*G38879*1=0.4356(available) BE*ENE*EENECO*G38886*1=0.4356(unknown)
Blink Charging,Charles de Kerchovelaan 189,9000,Gent,51.0407,3.723177,AC,8.3,iec62196T2,0.4356 / 0.4719,12 / 10,1.08,72ab427e-400c-4e6e-81e3-1a6a10db4a0c ceebaa43-3cca-46c8-abe2-f1b4cbe82d61,Blink Charging-59dbbe7c-2188-47ca-b7be-e9102d8a1386,BEBLKErKns050002=0.4356(charging) BEBLKErKns060001=0.4356(available) BEBLKErKns060002=0.4356(available) BEBLKErKns030002=0.4356(available) BEBLKErKns030001=0.4356(available) BEBLKErKns040001=0.4356(available) BEBLKErKns020001=0.4356(charging) BEBLKErKns040002=0.4356(available) BEBLKErKns050001=0.4356(charging) BEBLKErKns020002=0.4356(charging) BEBLKErKns010002=0.4356(available) BEBLKErKns010001=0.4356(charging) BEBLKELECH010002=0.4719(charging) BEBLKELECH050002=0.4719(charging) BEBLKELECH010001=0.4719(charging) BEBLKELECH070002=0.4719(available) BEBLKELECH040001=0.4719(available) BEBLKELECH060001=0.4719(charging) BEBLKELECH040002=0.4719(available) BEBLKELECH070001=0.4719(charging) BEBLKELECH050001=0.4719(available) BEBLKELECH060002=0.4719(charging)
Stroohm,Atomiumsquare 1,1020,Brussel,50.894777,4.341444,AC,7.4,iec62196T2,0.5687 / 0.6050,96 / 1,1.06,258513133 513884992,Stroohm-90186502,NLLMSE1234620636*5=0.5687(available) NLLMSE1234619554*1=0.5687(available) NLLMSE1234619677*1=0.5687(available) NLLMSE1234619682*1=0.5687(available) NLLMSE1234620636*1=0.5687(available) NLLMSE1234619668*1=0.5687(available) NLLMSE1234619661*1=0.5687(available) NLLMSE1234619689*1=0.5687(available) NLLMSE1234656963*1=0.5687(available) NLLMSE1234619694*1=0.5687(available) NLLMSE1234619695*1=0.5687(available) NLLMSE1000139194*1=0.5687(available) NLLMSE1234654062*1=0.5687(available) NLLMSE1234714566*1=0.5687(available) NLLMSE1234621662*5=0.5687(available) NLLMSE1000139195*1=0.5687(available) NLLMSE1000139204*1=0.5687(available) NLLMSE1234654442*1=0.5687(available) NLLMSE1234621662*2=0.5687(available) NLLMSE1234619663*1=0.5687(available) NLLMSE1000139202*1=0.5687(available) NLLMSE1234619692*1=0.5687(available) NLLMSE1234619552*1=0.5687(available) NLLMSE1234620636*4=0.5687(available) NLLMSE1234654064*1=0.5687(available) NLLMSE1234619673*1=0.5687(available) NLLMSE1234619693*1=0.5687(available) NLLMSE1234619667*1=0.5687(available) NLLMSE1234619681*1=0.5687(available) NLLMSE1234620057*1=0.5687(available) NLLMSE1234620636*9=0.5687(available) NLLMSE1234619683*1=0.5687(available) NLLMSE1234620636*6=0.5687(available) NLLMSE1234654055*1=0.5687(available) NLLMSE1234619690*1=0.5687(available) NLLMSE1234619679*1=0.5687(available) NLLMSE1234619697*1=0.5687(available) NLLMSE1000139197*1=0.5687(available) NLLMSE1234620052*1=0.5687(available) NLLMSE1234619701*1=0.5687(available) NLLMSE1234619669*1=0.5687(available) NLLMSE1234654441*1=0.5687(available) NLLMSE1234619698*1=0.5687(available) NLLMSE1234654443*1=0.5687(available) NLLMSE1234654057*1=0.5687(available) NLLMSE1234619666*1=0.5687(available) NLLMSE1234619687*1=0.5687(available) NLLMSE1234654060*1=0.5687(available) NLLMSE1234619664*1=0.5687(available) NLLMSE1234621657*2=0.5687(available) NLLMSE1000139203*1=0.5687(available) NLLMSE1234620636*7=0.5687(available) NLLMSE1234620636*8=0.5687(available) NLLMSE1234619671*1=0.5687(available) NLLMSE1234654059*1=0.5687(available) NLLMSE1234620095*1=0.5687(unknown) NLLMSE1234620636*10=0.5687(available) NLLMSE1234714570*1=0.5687(available) NLLMSE1234621662*3=0.5687(available) NLLMSE1000139205*1=0.5687(available) NLLMSE1234620636*2=0.5687(available) NLLMSE1234619676*1=0.5687(available) NLLMSE1234619653*1=0.5687(available) NLLMSE1234619685*1=0.5687(available) NLLMSE1000139207*1=0.5687(available) NLLMSE1234619551*1=0.5687(available) NLLMSE1234619684*1=0.5687(available) NLLMSE1234621662*6=0.5687(available) NLLMSE1234619686*1=0.5687(available) NLLMSE1000139206*1=0.5687(available) NLLMSE1234654180*1=0.5687(available) NLLMSE1000139200*1=0.5687(available) NLLMSE1234621655*1=0.5687(available) NLLMSE1234654061*1=0.5687(available) NLLMSE1234619665*1=0.5687(available) NLLMSE1000139196*1=0.5687(available) NLLMSE1234619662*1=0.5687(available) NLLMSE1234619670*1=0.5687(available) NLLMSE1234654439*1=0.5687(available) NLLMSE1234621657*1=0.5687(available) NLLMSE1234619680*1=0.5687(available) NLLMSE1234654058*1=0.5687(available) NLLMSE1234620636*3=0.5687(available) NLLMSE1000139201*1=0.5687(available) NLLMSE1234619553*1=0.5687(available) NLLMSE1000139198*1=0.5687(available) NLLMSE1234619700*1=0.5687(available) NLLMSE1234619691*1=0.5687(available) NLLMSE1234654054*1=0.5687(available) NLLMSE1234619655*1=0.5687(available) NLLMSE1234621655*2=0.5687(available) NLLMSE1000139199*1=0.5687(available) NLLMSE1234619699*1=0.5687(available) NLLMSE1234619678*1=0.5687(available) NLLMSE1234619696*1=0.5687(available) NLLMSE1234620051*1=0.5687(charging) NLLMSE1000145284*1=0.6050(available)
Stroohm,Atomiumsquare 1,1020,Brussel,50.897635,4.342564,AC,7.4,iec62196T2,0.5687 / 0.6050,1 / 14,1.06,258513133 513884992,Stroohm-91368690,NLLMSE1234654047*1=0.5687(available) NLLMSE1234883246*1=0.6050(available) NLLMSE1234883245*1=0.6050(available) NLLMSE1234654046*1=0.6050(unknown) NLLMSE1234920422*1=0.6050(outOfOrder) NLLMSE1234654051*1=0.6050(available) NLLMSE1234654048*1=0.6050(available) NLLMSE1234883243*1=0.6050(available) NLLMSE1234920423*1=0.6050(available) NLLMSE1234883247*1=0.6050(available) NLLMSE1234654044*1=0.6050(available) NLLMSE1234883244*1=0.6050(available) NLLMSE1234883242*1=0.6050(available) NLLMSE1234654045*1=0.6050(available) NLLMSE1234654052*1=0.6050(available)
Eneco,Kolonel Dusartplein 20,3500,Hasselt,50.93122,5.34305,AC,22.0,iec62196T2,0.3993 / 0.4235,2 / 4,1.06,WS035 XS02,Eneco-1633AB06-8397-40BD-BD17-D1E61E007577,BE*ENE*EEVB*P21151765*2=0.3993(unknown) BE*ENE*EEVB*P21151765*1=0.3993(unknown) BE*ENE*EENECO*G45793*2=0.4235(available) BE*ENE*EENECO*G45797*2=0.4235(available) BE*ENE*EENECO*G45793*1=0.4235(available) BE*ENE*EENECO*G45797*1=0.4235(available)
ENGIE Vianeo,Karel van de Woestijnestraat 57,9300,Aalst,50.935333,4.026709,AC,22.0,iec62196T2,0.4114 / 0.4356,2 / 2,1.06,30f01d045e564360ae6cce15ff50b490 79a6ab8e447d437a93af37adb0f99a35,ENGIE Vianeo-24296338-95B5-4E9C-8823-F58A61F62DAC,BE*VIA*E1813676*2=0.4114(charging) BE*VIA*E1813676*1=0.4114(charging) BE*VIA*E1818815*1=0.4356(unknown) BE*VIA*E1818815*2=0.4356(unknown)
Q8 electric,Chaussée de Charleroi 107,6150,Anderlues,50.406106,4.281537,DC,400.0,iec62196T2COMBO,0.6899 / 0.7260,1 / 5,1.05,COM318 COM344,Q8 electric-ab8bae70-11fd-4d59-82d0-260a0951e55c,BE*Q8E*E10951502=0.6899(available) BE*Q8E*E10951506=0.7260(available) BE*Q8E*E10951501=0.7260(available) BE*Q8E*E10951505=0.7260(available) BE*Q8E*E10951503=0.7260(available) BE*Q8E*E10951504=0.7260(available)
Q8 electric,E42,4537,Verlaine,50.592071,5.303961,DC,50.0,iec62196T2COMBO,0.6899 / 0.7260,2 / 2,1.05,COM318 COM344,Q8 electric-e944765b-d256-4153-8f00-7467e4aca5b7,BE*Q8E*E10833902=0.6899(available) BE*Q8E*E10833901=0.6899(inoperative) BE*Q8E*E10833903=0.7260(available) BE*Q8E*E10833904=0.7260(available)
D’Ieteren Energy,"Korte Magerstraat, 4",9050,Gentbrugge,51.034682,3.757175,AC,7.4,iec62196T2,0.7502 / 0.7865,2 / 3,1.05,386215364 386215751,D’Ieteren Energy-89288253,NLLMSE1000029470*1=0.7502(available) NLLMSE1000029470*2=0.7502(available) NLLMSE1000028934*2=0.7865(available) NLLMSE1000049617*1=0.7865(available) NLLMSE1000028934*1=0.7865(available)
MobilityPlus,Prins Boudewijnlaan 7B,2550,Kontich,51.140295,4.436414,AC,7.4,iec62196T2,0.5723 / 0.5989,2 / 12,1.05,GRP-2223 GRP-71332,MobilityPlus-BEMOBL156010,BE*MBP*E5345*2=0.5723(available) BE*MBP*E5345*1=0.5723(available) BE*MBP*E5326*1=0.5989(available) BE*MBP*E14244*1=0.5989(available) BE*MBP*E14244*2=0.5989(available) BE*MBP*E5339*2=0.5989(available) BE*MBP*E5339*1=0.5989(available) BE*MBP*E5327*2=0.5989(outOfOrder) BE*MBP*E5335*2=0.5989(available) BE*MBP*E14245*1=0.5989(available) BE*MBP*E5335*1=0.5989(available) BE*MBP*E14245*2=0.5989(available) BE*MBP*E5327*1=0.5989(outOfOrder) BE*MBP*E5326*2=0.5989(available)
50five,Venhof 6,2110,Wijnegem,51.235647,4.496884,AC,3.7,iec62196T2,0.5566 / 0.5808,1 / 1,1.04,417371019 425285206,50five-91283807,BE505E1234872827*1=0.5566(available) NL505E1234844356*1=0.5808(available)
50five,Klaverbladstraat 12,3560,Lummen,50.99605,5.228058,AC,7.4,iec62196T2,0.7139 / 0.7381,1 / 1,1.03,425285471 425285519,50five-91108998,BE505E1234768600*1=0.7139(available) BE505E1234768221*1=0.7381(available)
Eneco,Koordekenshoef 83,2030,Antwerpen,51.250685,4.392622,AC,11.0,iec62196T2,0.3872 / 0.3993,4 / 10,1.03,XS01 XS02,Eneco-4E555930-2685-45AF-A7F8-22C5B7545A77,BE*ENE*EENECO*G46221*1=0.3872(unknown) BE*ENE*EENECO*G46220*1=0.3872(available) BE*ENE*EENECO*G46220*2=0.3872(outOfOrder) BE*ENE*EENECO*G46221*2=0.3872(unknown) BE*ENE*EENECO*G46210*1=0.3993(available) BE*ENE*EENECO*G46190*1=0.3993(available) BE*ENE*EENECO*G46219*2=0.3993(unknown) BE*ENE*EENECO*G46200*2=0.3993(available) BE*ENE*EENECO*G46218*1=0.3993(available) BE*ENE*EENECO*G46200*1=0.3993(available) BE*ENE*EENECO*G46190*2=0.3993(available) BE*ENE*EENECO*G46219*1=0.3993(unknown) BE*ENE*EENECO*G46218*2=0.3993(available) BE*ENE*EENECO*G46210*2=0.3993(available)
Eneco,Chaussèe de Tournai 8 02,7520,Ramegnies-Chin,50.63103,3.3582,AC,22.0,iec62196T2,0.4840 / 0.4961,7 / 2,1.02,WS040 WS041,Eneco-8AB7AD6B-1E29-4335-827C-09A4298D8C88,BE*ENE*EENECO*G33579*2=0.4840(available) BE*ENE*EENECO*G33567*1=0.4840(available) BE*ENE*EENECO*G34724*1=0.4840(charging) BE*ENE*EENECO*G34724*2=0.4840(available) BE*ENE*EENECO*G33634*1=0.4840(available) BE*ENE*EENECO*G33579*1=0.4840(available) BE*ENE*EENEDEL*000249*1=0.4840(unknown) BE*ENE*EENECO*G34720*2=0.4961(available) BE*ENE*EENECO*G34720*1=0.4961(available)
D’Ieteren Energy,Golden Hopestraat 15,1620,Drogenbos,50.797116,4.293483,AC,7.4,iec62196T2,0.3630 / 0.3678,37 / 2,1.01,386209477 542734295,D’Ieteren Energy-89235380,NLLMSE1000029433*2=0.3630(available) NLLMSE1000029468*2=0.3630(available) NLLMSE1000029453*2=0.3630(available) NLLMSE1000029456*2=0.3630(available) NLLMSE1000029472*1=0.3630(charging) NLLMSE1000029474*2=0.3630(available) NLLMSE1000029435*1=0.3630(available) NLLMSE1000026805*1=0.3630(available) NLLMSE1000029453*1=0.3630(available) NLLMSE1000026755*2=0.3630(available) NLLMSE1000029483*1=0.3630(available) NLLMSE1000029459*2=0.3630(available) NLLMSE1000029468*1=0.3630(available) NLLMSE1000029459*1=0.3630(available) NLLMSE1000029438*2=0.3630(available) NLLMSE1000026755*1=0.3630(available) NLLMSE1000029455*1=0.3630(available) NLLMSE1000029472*2=0.3630(available) NLLMSE1000026789*1=0.3630(available) NLLMSE1000029450*1=0.3630(charging) NLLMSE1000029483*2=0.3630(available) NLLMSE1000029474*1=0.3630(available) NLLMSE1000026805*2=0.3630(available) NLLMSE1000029455*2=0.3630(available) NLLMSE1000026829*2=0.3630(available) NLLMSE1000029438*1=0.3630(available) NLLMSE1000026789*2=0.3630(available) NLLMSE1000029450*2=0.3630(available) NLLMSE1234657354*1=0.3630(available) NLLMSE1000029432*1=0.3630(available) NLLMSE1000029433*1=0.3630(available) NLLMSE1000029456*1=0.3630(available) NLLMSE1000029435*2=0.3630(available) NLLMSE1000026829*1=0.3630(available) NLLMSE1000029432*2=0.3630(available) NLLMSE1000027795*1=0.3630(available) NLLMSE1234657354*2=0.3630(available) NLLMSE1000029436*1=0.3678(available) NLLMSE1000029436*2=0.3678(available)
Pluginvest,Meensesteenweg 307,8800,Roeselare,48.876667,123.393333,AC,3.7,iec62196T2,0.3630 / 0.3678,1 / 1,1.01,484858959 544436577,Pluginvest-90355655,NLLMSE1234645597*1=0.3630(available) NLLMSE1234639365*1=0.3678(available)
Eneco,Groenstraat 4,8600,Vladslo,51.05636,2.91527,AC,22.0,iec62196T2,0.4477 / 0.4504,1 / 1,1.01,CREGWPVG WF037,Eneco-BA98143C-BB35-41C0-9E30-61EBFD4DAE66,BE*ENE*EACE0068472*1=0.4477(unknown) BE*ENE*EENECO*ACE0068472*1=0.4504(charging)
Eneco,Meidoornlaan 37,2950,Kapellen,51.323203,4.435066,AC,22.0,iec62196T2,0.4477 / 0.4504,1 / 1,1.01,CREGWP WS037,Eneco-DF597C9F-D445-4556-9E96-479E381AA721,BE*ENE*EACE0417868*1=0.4477(unknown) BE*ENE*ECIRCET*001*1=0.4504(available)
Powered By Zeno,Hendrik Consciencestraat 3-7,2800,Mechelen,51.01952,4.48264,AC,11.0,iec62196T2,0.4477 / 0.4500,15 / 6,1.01,119425e428484777a6b6d3acd0c5fb48 619bd7f5fedd43899ba18872c7b0b935 d42c5cb4d3824029bd2fadf8283559d2,Powered By Zeno-93f90fca-ca7c-43ab-a4bb-0bdaa3bd003f,BE*GFX*EACE0501072*1=0.4477(available) BE*GFX*EACE0685960*1=0.4477(available) BE*GFX*EACE0501074*1=0.4477(available) BE*GFX*EACE0500982*1=0.4477(available) BE*GFX*EACE0524803*1=0.4477(available) BE*GFX*EACE0524803*2=0.4477(available) BE*GFX*EACE0501070*1=0.4477(available) BE*GFX*EACE0532231*1=0.4477(available) BE*GFX*EACE0500980*1=0.4477(available) BE*GFX*EACE0524804*1=0.4477(available) BE*GFX*EACE0500986*1=0.4477(available) BE*GFX*EACE0685967*1=0.4477(available) BE*GFX*EACE0524804*2=0.4477(available) BE*GFX*EACE0501071*1=0.4477(available) BE*GFX*EACE0501067*1=0.4477(available) BE*GFX*EACE0663878*1=0.4500(available) BE*GFX*EACE0501066*1=0.4500(available) BE*GFX*EACE0500971*1=0.4500(available) BE*GFX*EACE0501068*1=0.4500(available) BE*GFX*EACE0663878*2=0.4500(charging) BE*GFX*EACE0501069*1=0.4500(available)
